Star,Type,Hit start ix,Spec file,CCD file,Hit start wavel,Verdict,Source
BD-114672,K7V,269466,/Users/blfields/.astropy/cache/astroquery/Eso/ADP.2023-06-04T01:01:48.415.fits,/Users/blfields/.astropy/cache/astroquery/Eso/HARPS.2023-06-03T09:09:16.351.fits,6477.5,ET,Core
CD-4911401,N/A,204229,/Users/blfields/.astropy/cache/astroquery/Eso/ADP.2014-10-02T09:59:25.183.fits,/Users/blfields/.astropy/cache/astroquery/Eso/HARPS.2005-05-31T03:51:05.988.fits,5823.985,ET,Core
CD-4911401,N/A,231172,/Users/blfields/.astropy/cache/astroquery/Eso/ADP.2014-10-02T10:01:25.993.fits,/Users/blfields/.astropy/cache/astroquery/Eso/HARPS.2005-05-10T04:34:42.474.fits,6093.55,ET,Repeaters
CoRoT-24,N/A,93086,/Users/blfields/.astropy/cache/astroquery/Eso/ADP.2014-09-25T15:34:35.543.fits,/Users/blfields/.astropy/cache/astroquery/Eso/HARPS.2011-11-23T05:50:42.823.fits,4712.58,ET,Repeaters
CoRoT-24,N/A,126381,/Users/blfields/.astropy/cache/astroquery/Eso/ADP.2014-09-26T16:53:13.307.fits,/Users/blfields/.astropy/cache/astroquery/Eso/HARPS.2012-11-17T04:56:35.576.fits,5045.66,ET,Repeaters
CoRoT-24,N/A,166593,/Users/blfields/.astropy/cache/astroquery/Eso/ADP.2014-09-26T16:54:11.717.fits,/Users/blfields/.astropy/cache/astroquery/Eso/HARPS.2012-11-24T06:04:07.004.fits,5447.73,ET,Repeaters
CoRoT-24,N/A,177045,/Users/blfields/.astropy/cache/astroquery/Eso/ADP.2014-09-25T15:35:18.127.fits,/Users/blfields/.astropy/cache/astroquery/Eso/HARPS.2011-12-04T05:29:17.513.fits,5552.13,ET,Repeaters
CoRoT-24,N/A,177227,/Users/blfields/.astropy/cache/astroquery/Eso/ADP.2014-09-26T16:53:42.797.fits,/Users/blfields/.astropy/cache/astroquery/Eso/HARPS.2012-01-16T01:46:11.545.fits,5553.72,ET,Repeaters
CoRoT-24,N/A,194199,/Users/blfields/.astropy/cache/astroquery/Eso/ADP.2014-09-24T09:42:25.780.fits,/Users/blfields/.astropy/cache/astroquery/Eso/HARPS.2010-02-12T01:24:19.113.fits,5723.29,ET,Repeaters
CoRoT-24,N/A,199806,/Users/blfields/.astropy/cache/astroquery/Eso/ADP.2014-09-25T15:34:35.543.fits,/Users/blfields/.astropy/cache/astroquery/Eso/HARPS.2011-11-23T05:50:42.823.fits,5779.78,ET,Repeaters
CoRoT-24,N/A,203760,/Users/blfields/.astropy/cache/astroquery/Eso/ADP.2014-09-26T16:52:02.437.fits,/Users/blfields/.astropy/cache/astroquery/Eso/HARPS.2012-01-18T04:23:59.478.fits,5819.04,ET,Repeaters
CoRoT-24,N/A,205116,/Users/blfields/.astropy/cache/astroquery/Eso/ADP.2014-09-26T16:54:11.717.fits,/Users/blfields/.astropy/cache/astroquery/Eso/HARPS.2012-11-24T06:04:07.004.fits,5832.96,ET,Repeaters
CoRoT-24,N/A,208007,/Users/blfields/.astropy/cache/astroquery/Eso/ADP.2014-09-26T16:52:12.010.fits,/Users/blfields/.astropy/cache/astroquery/Eso/HARPS.2012-01-14T04:55:44.391.fits,5861.6,ET,Repeaters
CoRoT-24,N/A,216663,/Users/blfields/.astropy/cache/astroquery/Eso/ADP.2014-09-25T15:35:18.127.fits,/Users/blfields/.astropy/cache/astroquery/Eso/HARPS.2011-12-04T05:29:17.513.fits,5948.31,ET,Repeaters
CoRoT-24,N/A,220154,/Users/blfields/.astropy/cache/astroquery/Eso/ADP.2014-09-26T16:52:02.910.fits,/Users/blfields/.astropy/cache/astroquery/Eso/HARPS.2012-11-20T05:56:02.541.fits,5983.375,ET,Clusters
CoRoT-24,N/A,225734,/Users/blfields/.astropy/cache/astroquery/Eso/ADP.2014-09-25T15:35:40.290.fits,/Users/blfields/.astropy/cache/astroquery/Eso/HARPS.2011-12-05T04:42:05.773.fits,6039.03,ET,Repeaters
CoRoT-24,N/A,237869,/Users/blfields/.astropy/cache/astroquery/Eso/ADP.2014-09-24T09:41:44.857.fits,/Users/blfields/.astropy/cache/astroquery/Eso/HARPS.2010-02-17T03:34:56.067.fits,6160.02,ET,Repeaters
CoRoT-24,N/A,247077,/Users/blfields/.astropy/cache/astroquery/Eso/ADP.2014-09-26T16:51:25.740.fits,/Users/blfields/.astropy/cache/astroquery/Eso/HARPS.2012-01-22T04:12:46.138.fits,6252.14,ET,Repeaters
CoRoT-24,N/A,270707,/Users/blfields/.astropy/cache/astroquery/Eso/ADP.2014-09-26T16:53:33.313.fits,/Users/blfields/.astropy/cache/astroquery/Eso/HARPS.2012-01-25T01:49:25.109.fits,6488.48,ET,Repeaters
CoRoT-24,N/A,289444,/Users/blfields/.astropy/cache/astroquery/Eso/ADP.2014-09-25T15:36:48.960.fits,/Users/blfields/.astropy/cache/astroquery/Eso/HARPS.2011-11-26T05:55:33.755.fits,6676.15,ET,Repeaters
CoRoT-24,N/A,299936,/Users/blfields/.astropy/cache/astroquery/Eso/ADP.2014-09-25T15:35:09.757.fits,/Users/blfields/.astropy/cache/astroquery/Eso/HARPS.2011-11-24T04:34:33.827.fits,6781.13,ET,Repeaters
CoRoT-24,N/A,300468,/Users/blfields/.astropy/cache/astroquery/Eso/ADP.2014-09-23T11:00:47.930.fits,/Users/blfields/.astropy/cache/astroquery/Eso/HARPS.2009-11-28T06:10:56.607.fits,6786.39,ET,Repeaters
CoRoT-24,N/A,301792,/Users/blfields/.astropy/cache/astroquery/Eso/ADP.2014-09-25T15:33:06.390.fits,/Users/blfields/.astropy/cache/astroquery/Eso/HARPS.2011-11-08T07:17:18.816.fits,6799.73,ET,Repeaters
CoRoT-24,N/A,304070,/Users/blfields/.astropy/cache/astroquery/Eso/ADP.2014-09-26T16:51:35.093.fits,/Users/blfields/.astropy/cache/astroquery/Eso/HARPS.2012-01-19T01:47:54.198.fits,6822.12,ET,Repeaters
CoRoT-24,N/A,304077,/Users/blfields/.astropy/cache/astroquery/Eso/ADP.2014-09-26T16:51:35.093.fits,/Users/blfields/.astropy/cache/astroquery/Eso/HARPS.2012-01-19T01:47:54.198.fits,6822.19,ET,Repeaters
CoRoT-32,K0V,239212,/Users/blfields/.astropy/cache/astroquery/Eso/ADP.2014-09-26T16:51:16.443.fits,/Users/blfields/.astropy/cache/astroquery/Eso/HARPS.2012-01-27T02:14:50.135.fits,6173.49,ET,Core
CoRoT101614469,N/A,75292,/Users/blfields/.astropy/cache/astroquery/Eso/ADP.2014-09-18T12:13:37.550.fits,/Users/blfields/.astropy/cache/astroquery/Eso/HARPS.2008-07-25T04:50:31.896.fits,4534.41,ET,Repeaters
CoRoT101614469,N/A,181237,/Users/blfields/.astropy/cache/astroquery/Eso/ADP.2014-09-18T12:13:37.550.fits,/Users/blfields/.astropy/cache/astroquery/Eso/HARPS.2008-07-25T04:50:31.896.fits,5593.86,ET,Repeaters
CoRoT101614469,N/A,181237,/Users/blfields/.astropy/cache/astroquery/Eso/ADP.2014-09-18T12:13:37.550.fits,/Users/blfields/.astropy/cache/astroquery/Eso/HARPS.2008-07-25T04:50:31.896.fits,5593.895,ET,Clusters
CoRoT101614469,N/A,290761,/Users/blfields/.astropy/cache/astroquery/Eso/ADP.2014-09-18T12:10:25.347.fits,/Users/blfields/.astropy/cache/astroquery/Eso/HARPS.2008-07-30T02:36:24.607.fits,6689.02,ET,Repeaters
CoRoT221699621,K0V,157140,/Users/blfields/.astropy/cache/astroquery/Eso/ADP.2014-09-25T15:35:30.500.fits,/Users/blfields/.astropy/cache/astroquery/Eso/HARPS.2011-12-03T06:43:16.408.fits,5353.05,ET,Repeaters
CoRoT221699621,K0V,166505,/Users/blfields/.astropy/cache/astroquery/Eso/ADP.2014-09-25T15:35:30.500.fits,/Users/blfields/.astropy/cache/astroquery/Eso/HARPS.2011-12-03T06:43:16.408.fits,5446.725,ET,Clusters
CoRoT221699621,K0V,263549,/Users/blfields/.astropy/cache/astroquery/Eso/ADP.2014-09-25T15:34:22.563.fits,/Users/blfields/.astropy/cache/astroquery/Eso/HARPS.2011-02-24T00:46:36.187.fits,6416.67,ET,Repeaters
CoRoT221699621,K0V,293482,/Users/blfields/.astropy/cache/astroquery/Eso/ADP.2014-09-25T15:33:34.437.fits,/Users/blfields/.astropy/cache/astroquery/Eso/HARPS.2011-12-02T06:21:36.140.fits,6716.5,ET,Repeaters
GJ1214,M4.5V,11665,/Users/blfields/.astropy/cache/astroquery/Eso/ADP.2014-09-26T16:51:48.450.fits,/Users/blfields/.astropy/cache/astroquery/Eso/HARPS.2012-07-13T00:55:14.696.fits,3897.98,ET,Repeaters
GJ1214,M4.5V,19170,/Users/blfields/.astropy/cache/astroquery/Eso/ADP.2014-09-23T11:05:31.390.fits,/Users/blfields/.astropy/cache/astroquery/Eso/HARPS.2009-08-05T00:48:08.218.fits,3972.99,ET,Repeaters
GJ1214,M4.5V,29523,/Users/blfields/.astropy/cache/astroquery/Eso/ADP.2014-09-26T16:52:03.477.fits,/Users/blfields/.astropy/cache/astroquery/Eso/HARPS.2012-09-02T00:18:54.276.fits,4076.4,ET,Repeaters
GJ1214,M4.5V,74667,/Users/blfields/.astropy/cache/astroquery/Eso/ADP.2014-09-23T11:03:49.200.fits,/Users/blfields/.astropy/cache/astroquery/Eso/HARPS.2009-09-03T23:26:05.655.fits,4527.88,ET,Repeaters
GJ1214,M4.5V,84777,/Users/blfields/.astropy/cache/astroquery/Eso/ADP.2019-07-16T01:16:01.495.fits,/Users/blfields/.astropy/cache/astroquery/Eso/HARPS.2019-07-15T03:32:39.231.fits,4629.43,ET,Repeaters
GJ1214,M4.5V,100284,/Users/blfields/.astropy/cache/astroquery/Eso/ADP.2014-09-26T16:53:06.640.fits,/Users/blfields/.astropy/cache/astroquery/Eso/HARPS.2012-07-10T00:39:39.961.fits,4784.19,ET,Core
GJ1214,M4.5V,165094,/Users/blfields/.astropy/cache/astroquery/Eso/ADP.2019-09-03T01:01:54.202.fits,/Users/blfields/.astropy/cache/astroquery/Eso/HARPS.2019-09-02T01:26:36.055.fits,5432.485,ET,Repeaters
GJ1214,M4.5V,202350,/Users/blfields/.astropy/cache/astroquery/Eso/ADP.2014-09-26T16:53:59.727.fits,/Users/blfields/.astropy/cache/astroquery/Eso/HARPS.2012-09-21T23:44:14.907.fits,5804.725,ET,Repeaters
GJ1214,M4.5V,222326,/Users/blfields/.astropy/cache/astroquery/Eso/ADP.2014-09-23T11:03:24.823.fits,/Users/blfields/.astropy/cache/astroquery/Eso/HARPS.2009-08-23T23:07:36.179.fits,6004.47,ET,Repeaters
GJ1214,M4.5V,233264,/Users/blfields/.astropy/cache/astroquery/Eso/ADP.2014-09-23T11:06:00.270.fits,/Users/blfields/.astropy/cache/astroquery/Eso/HARPS.2009-07-26T00:32:36.836.fits,6113.89,ET,Repeaters
GJ1236,M4V,219370,/Users/blfields/.astropy/cache/astroquery/Eso/ADP.2014-09-26T16:52:03.603.fits,/Users/blfields/.astropy/cache/astroquery/Eso/HARPS.2012-05-15T07:27:46.968.fits,5975.52,ET,Core
GJ3053,M4.5,7271,/Users/blfields/.astropy/cache/astroquery/Eso/ADP.2016-01-24T01:03:49.393.fits,/Users/blfields/.astropy/cache/astroquery/Eso/HARPS.2016-01-23T01:11:31.273.fits,3854.26,ET,Core
GJ317,M3.5V,88115,/Users/blfields/.astropy/cache/astroquery/Eso/ADP.2018-04-11T01:01:47.531.fits,/Users/blfields/.astropy/cache/astroquery/Eso/HARPS.2018-04-10T03:25:08.275.fits,4662.79,ET,Core
GJ317,M3.5V,286204,/Users/blfields/.astropy/cache/astroquery/Eso/ADP.2018-06-03T01:02:30.761.fits,/Users/blfields/.astropy/cache/astroquery/Eso/HARPS.2018-06-01T22:30:16.020.fits,6643.62,ET,Repeaters
GJ3221,M3.5V,290662,/Users/blfields/.astropy/cache/astroquery/Eso/ADP.2014-09-25T15:37:25.580.fits,/Users/blfields/.astropy/cache/astroquery/Eso/HARPS.2011-09-25T07:25:30.812.fits,6688.415,ET,Core
GJ3535,G3V,298846,/Users/blfields/.astropy/cache/astroquery/Eso/ADP.2014-10-01T10:22:17.720.fits,/Users/blfields/.astropy/cache/astroquery/Eso/HARPS.2004-05-31T00:36:26.077.fits,6769.71,ET,Core
HD110411,A0Va_lB,192765,/Users/blfields/.astropy/cache/astroquery/Eso/ADP.2014-09-16T11:07:12.423.fits,/Users/blfields/.astropy/cache/astroquery/Eso/HARPS.2006-02-10T07:02:59.081.fits,5709.51,ET,Core
HD147644,F8V,215569,/Users/blfields/.astropy/cache/astroquery/Eso/ADP.2015-04-19T23:55:29.777.fits,/Users/blfields/.astropy/cache/astroquery/Eso/HARPS.2015-04-19T06:48:21.114.fits,5937.51,ET,Core
HD184711,G5wA/F,278477,/Users/blfields/.astropy/cache/astroquery/Eso/ADP.2014-09-18T12:12:35.450.fits,/Users/blfields/.astropy/cache/astroquery/Eso/HARPS.2008-09-20T00:41:44.834.fits,6566.015,ET,Core
HD197623,G3V,256945,/Users/blfields/.astropy/cache/astroquery/Eso/ADP.2014-10-02T10:02:06.950.fits,/Users/blfields/.astropy/cache/astroquery/Eso/HARPS.2005-05-18T09:10:45.139.fits,6351.4,ET,Core
HD223171,G2V,298782,/Users/blfields/.astropy/cache/astroquery/Eso/ADP.2015-12-17T01:02:36.737.fits,/Users/blfields/.astropy/cache/astroquery/Eso/HARPS.2015-12-16T01:26:43.087.fits,6769.42,ET,Core
HD34642,G3V,198765,/Users/blfields/.astropy/cache/astroquery/Eso/ADP.2018-02-02T01:02:24.134.fits,/Users/blfields/.astropy/cache/astroquery/Eso/HARPS.2018-02-01T01:42:30.839.fits,5769.34,ET,Core
HD59088,O6f,58379,/Users/blfields/.astropy/cache/astroquery/Eso/ADP.2014-09-16T11:06:39.407.fits,/Users/blfields/.astropy/cache/astroquery/Eso/HARPS.2006-03-26T00:02:33.378.fits,4365.01,ET,Core
HIP87607,M0V,85100,/Users/blfields/.astropy/cache/astroquery/Eso/ADP.2014-09-26T16:52:17.823.fits,/Users/blfields/.astropy/cache/astroquery/Eso/HARPS.2012-10-22T23:39:09.238.fits,4632.22,ET,Repeaters
HIP87607,M0V,85100,/Users/blfields/.astropy/cache/astroquery/Eso/ADP.2014-09-26T16:52:17.823.fits,/Users/blfields/.astropy/cache/astroquery/Eso/HARPS.2012-10-22T23:39:09.238.fits,4632.245,ET,Core
HIP87607,M0V,189348,/Users/blfields/.astropy/cache/astroquery/Eso/ADP.2014-10-06T10:03:50.863.fits,/Users/blfields/.astropy/cache/astroquery/Eso/HARPS.2013-07-24T02:37:41.553.fits,5674.9,ET,Repeaters
WASP-19,G8V,46309,/Users/blfields/.astropy/cache/astroquery/Eso/ADP.2020-02-15T01:09:45.898.fits,/Users/blfields/.astropy/cache/astroquery/Eso/HARPS.2020-02-14T03:38:48.531.fits,4245.04,ET,Repeaters
WASP-19,G8V,216703,/Users/blfields/.astropy/cache/astroquery/Eso/ADP.2014-09-24T09:42:25.440.fits,/Users/blfields/.astropy/cache/astroquery/Eso/HARPS.2010-03-19T04:02:37.912.fits,5948.605,ET,Repeaters
WASP-19,G8V,220635,/Users/blfields/.astropy/cache/astroquery/Eso/ADP.2017-05-10T01:02:52.405.fits,/Users/blfields/.astropy/cache/astroquery/Eso/HARPS.2017-05-09T00:23:21.566.fits,5988.07,ET,Repeaters
WASP-19,G8V,227291,/Users/blfields/.astropy/cache/astroquery/Eso/ADP.2020-02-16T01:08:26.055.fits,/Users/blfields/.astropy/cache/astroquery/Eso/HARPS.2020-02-15T04:09:40.886.fits,6054.87,ET,Core
WASP-19,G8V,307789,/Users/blfields/.astropy/cache/astroquery/Eso/ADP.2014-09-24T09:44:03.147.fits,/Users/blfields/.astropy/cache/astroquery/Eso/HARPS.2010-03-19T05:41:10.913.fits,6859.45,ET,Repeaters
WASP-89,K3,114457,/Users/blfields/.astropy/cache/astroquery/Eso/ADP.2014-09-26T16:52:19.797.fits,/Users/blfields/.astropy/cache/astroquery/Eso/HARPS.2012-10-03T03:54:35.331.fits,4925.855,ET,Repeaters
WASP-89,K3,141682,/Users/blfields/.astropy/cache/astroquery/Eso/ADP.2014-09-26T16:51:01.293.fits,/Users/blfields/.astropy/cache/astroquery/Eso/HARPS.2012-10-03T05:01:01.142.fits,5198.055,ET,Core
WASP-89,K3,215713,/Users/blfields/.astropy/cache/astroquery/Eso/ADP.2014-10-06T10:04:23.160.fits,/Users/blfields/.astropy/cache/astroquery/Eso/HARPS.2013-06-15T05:34:26.988.fits,5939.03,ET,Repeaters
WASP-89,K3,251521,/Users/blfields/.astropy/cache/astroquery/Eso/ADP.2014-10-06T10:06:06.940.fits,/Users/blfields/.astropy/cache/astroquery/Eso/HARPS.2013-06-15T07:38:42.423.fits,6297.1,ET,Repeaters
WASP-89,K3,277006,/Users/blfields/.astropy/cache/astroquery/Eso/ADP.2014-10-06T10:06:25.600.fits,/Users/blfields/.astropy/cache/astroquery/Eso/HARPS.2013-06-15T08:09:45.993.fits,6551.94,ET,Repeaters
WASP-89,K3,277909,/Users/blfields/.astropy/cache/astroquery/Eso/ADP.2014-10-06T10:05:36.773.fits,/Users/blfields/.astropy/cache/astroquery/Eso/HARPS.2013-06-15T05:49:59.413.fits,6560.97,ET,Repeaters